raw,age,percentile,n,m,md,sd,normValue
2,3.5,0.010496183,524,13.40076336,13,5.061729784,26.919
3,3.5,0.021946565,524,13.40076336,13,5.061729784,29.849
1,3.7,0.002862595,524,13.40076336,13,5.061729784,22.369
8,3.9,0.159351145,524,13.40076336,13,5.061729784,40.029
3,4.1,0.021946565,524,13.40076336,13,5.061729784,29.849
5,4.1,0.047709924,524,13.40076336,13,5.061729784,33.325
3,4.2,0.021946565,524,13.40076336,13,5.061729784,29.849
2,4.2,0.010496183,524,13.40076336,13,5.061729784,26.919
1,4.3,0.002862595,524,13.40076336,13,5.061729784,22.369
2,4.3,0.010496183,524,13.40076336,13,5.061729784,26.919
2,4.4,0.010496183,524,13.40076336,13,5.061729784,26.919
6,4.5,0.072519084,524,13.40076336,13,5.061729784,35.427
6,4.6,0.072519084,524,13.40076336,13,5.061729784,35.427
2,4.8,0.010496183,524,13.40076336,13,5.061729784,26.919
4,4.8,0.036259542,524,13.40076336,13,5.061729784,32.042
3,5.1,0.021946565,524,13.40076336,13,5.061729784,29.849
4,5.2,0.036259542,524,13.40076336,13,5.061729784,32.042
7,5.4,0.113549618,524,13.40076336,13,5.061729784,37.921
6,5.5,0.072519084,524,13.40076336,13,5.061729784,35.427
8,5.5,0.159351145,524,13.40076336,13,5.061729784,40.029
7,5.6,0.113549618,524,13.40076336,13,5.061729784,37.921
4,5.7,0.036259542,524,13.40076336,13,5.061729784,32.042
4,5.7,0.036259542,524,13.40076336,13,5.061729784,32.042
8,5.8,0.159351145,524,13.40076336,13,5.061729784,40.029
6,5.8,0.072519084,524,13.40076336,13,5.061729784,35.427
7,5.9,0.113549618,524,13.40076336,13,5.061729784,37.921
5,5.9,0.047709924,524,13.40076336,13,5.061729784,33.325
7,5.9,0.113549618,524,13.40076336,13,5.061729784,37.921
7,6.1,0.113549618,524,13.40076336,13,5.061729784,37.921
7,6.3,0.113549618,524,13.40076336,13,5.061729784,37.921
10,6.3,0.26240458,524,13.40076336,13,5.061729784,43.641
14,6.3,0.542938931,524,13.40076336,13,5.061729784,51.078
4,6.3,0.036259542,524,13.40076336,13,5.061729784,32.042
10,6.3,0.26240458,524,13.40076336,13,5.061729784,43.641
15,6.3,0.618320611,524,13.40076336,13,5.061729784,53.011
8,6.4,0.159351145,524,13.40076336,13,5.061729784,40.029
11,6.4,0.323473282,524,13.40076336,13,5.061729784,45.42
6,6.5,0.072519084,524,13.40076336,13,5.061729784,35.427
6,6.5,0.072519084,524,13.40076336,13,5.061729784,35.427
7,6.5,0.113549618,524,13.40076336,13,5.061729784,37.921
13,6.5,0.461832061,524,13.40076336,13,5.061729784,49.042
7,6.5,0.113549618,524,13.40076336,13,5.061729784,37.921
14,6.5,0.542938931,524,13.40076336,13,5.061729784,51.078
8,6.7,0.159351145,524,13.40076336,13,5.061729784,40.029
7,6.7,0.113549618,524,13.40076336,13,5.061729784,37.921
7,6.7,0.113549618,524,13.40076336,13,5.061729784,37.921
8,6.7,0.159351145,524,13.40076336,13,5.061729784,40.029
9,6.7,0.207061069,524,13.40076336,13,5.061729784,41.833
8,6.8,0.159351145,524,13.40076336,13,5.061729784,40.029
1,6.8,0.002862595,524,13.40076336,13,5.061729784,22.369
4,6.8,0.036259542,524,13.40076336,13,5.061729784,32.042
6,6.8,0.072519084,524,13.40076336,13,5.061729784,35.427
14,6.8,0.542938931,524,13.40076336,13,5.061729784,51.078
11,6.9,0.323473282,524,13.40076336,13,5.061729784,45.42
12,6.9,0.386450382,524,13.40076336,13,5.061729784,47.114
12,6.9,0.386450382,524,13.40076336,13,5.061729784,47.114
12,6.9,0.386450382,524,13.40076336,13,5.061729784,47.114
13,6.9,0.461832061,524,13.40076336,13,5.061729784,49.042
15,7.1,0.618320611,524,13.40076336,13,5.061729784,53.011
6,7.2,0.072519084,524,13.40076336,13,5.061729784,35.427
12,7.3,0.386450382,524,13.40076336,13,5.061729784,47.114
17,7.4,0.740458015,524,13.40076336,13,5.061729784,56.448
15,7.4,0.618320611,524,13.40076336,13,5.061729784,53.011
18,7.5,0.808206107,524,13.40076336,13,5.061729784,58.713
6,7.6,0.072519084,524,13.40076336,13,5.061729784,35.427
15,7.7,0.618320611,524,13.40076336,13,5.061729784,53.011
6,7.8,0.072519084,524,13.40076336,13,5.061729784,35.427
11,7.8,0.323473282,524,13.40076336,13,5.061729784,45.42
12,7.8,0.386450382,524,13.40076336,13,5.061729784,47.114
10,7.8,0.26240458,524,13.40076336,13,5.061729784,43.641
11,7.8,0.323473282,524,13.40076336,13,5.061729784,45.42
14,8,0.542938931,524,13.40076336,13,5.061729784,51.078
9,8,0.207061069,524,13.40076336,13,5.061729784,41.833
16,8,0.679389313,524,13.40076336,13,5.061729784,54.66
8,8,0.159351145,524,13.40076336,13,5.061729784,40.029
11,8.1,0.323473282,524,13.40076336,13,5.061729784,45.42
17,8.1,0.740458015,524,13.40076336,13,5.061729784,56.448
3,8.1,0.021946565,524,13.40076336,13,5.061729784,29.849
12,8.1,0.386450382,524,13.40076336,13,5.061729784,47.114
9,8.1,0.207061069,524,13.40076336,13,5.061729784,41.833
12,8.1,0.386450382,524,13.40076336,13,5.061729784,47.114
13,8.2,0.461832061,524,13.40076336,13,5.061729784,49.042
6,8.2,0.072519084,524,13.40076336,13,5.061729784,35.427
10,8.2,0.26240458,524,13.40076336,13,5.061729784,43.641
11,8.2,0.323473282,524,13.40076336,13,5.061729784,45.42
9,8.2,0.207061069,524,13.40076336,13,5.061729784,41.833
10,8.2,0.26240458,524,13.40076336,13,5.061729784,43.641
8,8.3,0.159351145,524,13.40076336,13,5.061729784,40.029
7,8.3,0.113549618,524,13.40076336,13,5.061729784,37.921
8,8.3,0.159351145,524,13.40076336,13,5.061729784,40.029
10,8.3,0.26240458,524,13.40076336,13,5.061729784,43.641
11,8.3,0.323473282,524,13.40076336,13,5.061729784,45.42
14,8.3,0.542938931,524,13.40076336,13,5.061729784,51.078
6,8.3,0.072519084,524,13.40076336,13,5.061729784,35.427
8,8.3,0.159351145,524,13.40076336,13,5.061729784,40.029
10,8.3,0.26240458,524,13.40076336,13,5.061729784,43.641
14,8.3,0.542938931,524,13.40076336,13,5.061729784,51.078
10,8.3,0.26240458,524,13.40076336,13,5.061729784,43.641
5,8.4,0.047709924,524,13.40076336,13,5.061729784,33.325
13,8.4,0.461832061,524,13.40076336,13,5.061729784,49.042
8,8.4,0.159351145,524,13.40076336,13,5.061729784,40.029
10,8.4,0.26240458,524,13.40076336,13,5.061729784,43.641
13,8.4,0.461832061,524,13.40076336,13,5.061729784,49.042
9,8.5,0.207061069,524,13.40076336,13,5.061729784,41.833
9,8.5,0.207061069,524,13.40076336,13,5.061729784,41.833
7,8.5,0.113549618,524,13.40076336,13,5.061729784,37.921
9,8.5,0.207061069,524,13.40076336,13,5.061729784,41.833
10,8.5,0.26240458,524,13.40076336,13,5.061729784,43.641
14,8.5,0.542938931,524,13.40076336,13,5.061729784,51.078
17,8.5,0.740458015,524,13.40076336,13,5.061729784,56.448
17,8.6,0.740458015,524,13.40076336,13,5.061729784,56.448
18,8.6,0.808206107,524,13.40076336,13,5.061729784,58.713
11,8.6,0.323473282,524,13.40076336,13,5.061729784,45.42
12,8.6,0.386450382,524,13.40076336,13,5.061729784,47.114
13,8.6,0.461832061,524,13.40076336,13,5.061729784,49.042
14,8.6,0.542938931,524,13.40076336,13,5.061729784,51.078
17,8.6,0.740458015,524,13.40076336,13,5.061729784,56.448
20,8.6,0.897900763,524,13.40076336,13,5.061729784,62.697
13,8.7,0.461832061,524,13.40076336,13,5.061729784,49.042
14,8.7,0.542938931,524,13.40076336,13,5.061729784,51.078
10,8.7,0.26240458,524,13.40076336,13,5.061729784,43.641
12,8.7,0.386450382,524,13.40076336,13,5.061729784,47.114
5,8.8,0.047709924,524,13.40076336,13,5.061729784,33.325
18,8.8,0.808206107,524,13.40076336,13,5.061729784,58.713
12,8.8,0.386450382,524,13.40076336,13,5.061729784,47.114
14,8.8,0.542938931,524,13.40076336,13,5.061729784,51.078
11,8.9,0.323473282,524,13.40076336,13,5.061729784,45.42
11,8.9,0.323473282,524,13.40076336,13,5.061729784,45.42
16,8.9,0.679389313,524,13.40076336,13,5.061729784,54.66
3,8.9,0.021946565,524,13.40076336,13,5.061729784,29.849
18,8.9,0.808206107,524,13.40076336,13,5.061729784,58.713
12,8.9,0.386450382,524,13.40076336,13,5.061729784,47.114
15,8.9,0.618320611,524,13.40076336,13,5.061729784,53.011
10,8.9,0.26240458,524,13.40076336,13,5.061729784,43.641
14,8.9,0.542938931,524,13.40076336,13,5.061729784,51.078
10,9,0.26240458,524,13.40076336,13,5.061729784,43.641
9,9,0.207061069,524,13.40076336,13,5.061729784,41.833
10,9.1,0.26240458,524,13.40076336,13,5.061729784,43.641
13,9.1,0.461832061,524,13.40076336,13,5.061729784,49.042
18,9.1,0.808206107,524,13.40076336,13,5.061729784,58.713
13,9.2,0.461832061,524,13.40076336,13,5.061729784,49.042
11,9.2,0.323473282,524,13.40076336,13,5.061729784,45.42
21,9.2,0.935114504,524,13.40076336,13,5.061729784,65.15
8,9.2,0.159351145,524,13.40076336,13,5.061729784,40.029
11,9.2,0.323473282,524,13.40076336,13,5.061729784,45.42
14,9.2,0.542938931,524,13.40076336,13,5.061729784,51.078
14,9.3,0.542938931,524,13.40076336,13,5.061729784,51.078
14,9.3,0.542938931,524,13.40076336,13,5.061729784,51.078
23,9.3,0.97519084,524,13.40076336,13,5.061729784,69.632
8,9.3,0.159351145,524,13.40076336,13,5.061729784,40.029
21,9.4,0.935114504,524,13.40076336,13,5.061729784,65.15
12,9.4,0.386450382,524,13.40076336,13,5.061729784,47.114
13,9.4,0.461832061,524,13.40076336,13,5.061729784,49.042
10,9.4,0.26240458,524,13.40076336,13,5.061729784,43.641
11,9.5,0.323473282,524,13.40076336,13,5.061729784,45.42
19,9.5,0.860687023,524,13.40076336,13,5.061729784,60.834
14,9.5,0.542938931,524,13.40076336,13,5.061729784,51.078
15,9.5,0.618320611,524,13.40076336,13,5.061729784,53.011
7,9.5,0.113549618,524,13.40076336,13,5.061729784,37.921
12,9.5,0.386450382,524,13.40076336,13,5.061729784,47.114
14,9.6,0.542938931,524,13.40076336,13,5.061729784,51.078
20,9.7,0.897900763,524,13.40076336,13,5.061729784,62.697
21,9.7,0.935114504,524,13.40076336,13,5.061729784,65.15
11,9.7,0.323473282,524,13.40076336,13,5.061729784,45.42
11,9.8,0.323473282,524,13.40076336,13,5.061729784,45.42
9,9.8,0.207061069,524,13.40076336,13,5.061729784,41.833
18,9.9,0.808206107,524,13.40076336,13,5.061729784,58.713
10,9.9,0.26240458,524,13.40076336,13,5.061729784,43.641
10,9.9,0.26240458,524,13.40076336,13,5.061729784,43.641
12,9.9,0.386450382,524,13.40076336,13,5.061729784,47.114
14,9.9,0.542938931,524,13.40076336,13,5.061729784,51.078
15,9.9,0.618320611,524,13.40076336,13,5.061729784,53.011
8,10,0.159351145,524,13.40076336,13,5.061729784,40.029
8,10,0.159351145,524,13.40076336,13,5.061729784,40.029
14,10,0.542938931,524,13.40076336,13,5.061729784,51.078
11,10,0.323473282,524,13.40076336,13,5.061729784,45.42
4,10.1,0.036259542,524,13.40076336,13,5.061729784,32.042
12,10.1,0.386450382,524,13.40076336,13,5.061729784,47.114
15,10.1,0.618320611,524,13.40076336,13,5.061729784,53.011
15,10.1,0.618320611,524,13.40076336,13,5.061729784,53.011
15,10.1,0.618320611,524,13.40076336,13,5.061729784,53.011
17,10.1,0.740458015,524,13.40076336,13,5.061729784,56.448
14,10.1,0.542938931,524,13.40076336,13,5.061729784,51.078
14,10.1,0.542938931,524,13.40076336,13,5.061729784,51.078
15,10.1,0.618320611,524,13.40076336,13,5.061729784,53.011
16,10.2,0.679389313,524,13.40076336,13,5.061729784,54.66
18,10.2,0.808206107,524,13.40076336,13,5.061729784,58.713
10,10.2,0.26240458,524,13.40076336,13,5.061729784,43.641
14,10.2,0.542938931,524,13.40076336,13,5.061729784,51.078
14,10.2,0.542938931,524,13.40076336,13,5.061729784,51.078
18,10.2,0.808206107,524,13.40076336,13,5.061729784,58.713
19,10.2,0.860687023,524,13.40076336,13,5.061729784,60.834
10,10.2,0.26240458,524,13.40076336,13,5.061729784,43.641
6,10.3,0.072519084,524,13.40076336,13,5.061729784,35.427
16,10.3,0.679389313,524,13.40076336,13,5.061729784,54.66
18,10.3,0.808206107,524,13.40076336,13,5.061729784,58.713
10,10.3,0.26240458,524,13.40076336,13,5.061729784,43.641
7,10.3,0.113549618,524,13.40076336,13,5.061729784,37.921
16,10.3,0.679389313,524,13.40076336,13,5.061729784,54.66
11,10.3,0.323473282,524,13.40076336,13,5.061729784,45.42
17,10.3,0.740458015,524,13.40076336,13,5.061729784,56.448
18,10.3,0.808206107,524,13.40076336,13,5.061729784,58.713
20,10.3,0.897900763,524,13.40076336,13,5.061729784,62.697
11,10.4,0.323473282,524,13.40076336,13,5.061729784,45.42
15,10.4,0.618320611,524,13.40076336,13,5.061729784,53.011
18,10.4,0.808206107,524,13.40076336,13,5.061729784,58.713
19,10.4,0.860687023,524,13.40076336,13,5.061729784,60.834
7,10.4,0.113549618,524,13.40076336,13,5.061729784,37.921
11,10.4,0.323473282,524,13.40076336,13,5.061729784,45.42
11,10.4,0.323473282,524,13.40076336,13,5.061729784,45.42
6,10.5,0.072519084,524,13.40076336,13,5.061729784,35.427
10,10.5,0.26240458,524,13.40076336,13,5.061729784,43.641
9,10.5,0.207061069,524,13.40076336,13,5.061729784,41.833
13,10.5,0.461832061,524,13.40076336,13,5.061729784,49.042
19,10.5,0.860687023,524,13.40076336,13,5.061729784,60.834
23,10.5,0.97519084,524,13.40076336,13,5.061729784,69.632
6,10.5,0.072519084,524,13.40076336,13,5.061729784,35.427
6,10.5,0.072519084,524,13.40076336,13,5.061729784,35.427
10,10.5,0.26240458,524,13.40076336,13,5.061729784,43.641
7,10.5,0.113549618,524,13.40076336,13,5.061729784,37.921
10,10.5,0.26240458,524,13.40076336,13,5.061729784,43.641
8,10.6,0.159351145,524,13.40076336,13,5.061729784,40.029
8,10.6,0.159351145,524,13.40076336,13,5.061729784,40.029
19,10.6,0.860687023,524,13.40076336,13,5.061729784,60.834
17,10.6,0.740458015,524,13.40076336,13,5.061729784,56.448
18,10.6,0.808206107,524,13.40076336,13,5.061729784,58.713
20,10.6,0.897900763,524,13.40076336,13,5.061729784,62.697
21,10.6,0.935114504,524,13.40076336,13,5.061729784,65.15
8,10.6,0.159351145,524,13.40076336,13,5.061729784,40.029
11,10.6,0.323473282,524,13.40076336,13,5.061729784,45.42
10,10.7,0.26240458,524,13.40076336,13,5.061729784,43.641
10,10.7,0.26240458,524,13.40076336,13,5.061729784,43.641
16,10.7,0.679389313,524,13.40076336,13,5.061729784,54.66
12,10.7,0.386450382,524,13.40076336,13,5.061729784,47.114
16,10.7,0.679389313,524,13.40076336,13,5.061729784,54.66
17,10.7,0.740458015,524,13.40076336,13,5.061729784,56.448
11,10.8,0.323473282,524,13.40076336,13,5.061729784,45.42
17,10.8,0.740458015,524,13.40076336,13,5.061729784,56.448
20,10.8,0.897900763,524,13.40076336,13,5.061729784,62.697
12,10.8,0.386450382,524,13.40076336,13,5.061729784,47.114
15,10.8,0.618320611,524,13.40076336,13,5.061729784,53.011
16,10.8,0.679389313,524,13.40076336,13,5.061729784,54.66
12,10.8,0.386450382,524,13.40076336,13,5.061729784,47.114
16,10.9,0.679389313,524,13.40076336,13,5.061729784,54.66
4,10.9,0.036259542,524,13.40076336,13,5.061729784,32.042
12,10.9,0.386450382,524,13.40076336,13,5.061729784,47.114
13,10.9,0.461832061,524,13.40076336,13,5.061729784,49.042
22,10.9,0.961832061,524,13.40076336,13,5.061729784,67.724
8,11,0.159351145,524,13.40076336,13,5.061729784,40.029
14,11,0.542938931,524,13.40076336,13,5.061729784,51.078
10,11,0.26240458,524,13.40076336,13,5.061729784,43.641
18,11.1,0.808206107,524,13.40076336,13,5.061729784,58.713
19,11.1,0.860687023,524,13.40076336,13,5.061729784,60.834
13,11.1,0.461832061,524,13.40076336,13,5.061729784,49.042
18,11.1,0.808206107,524,13.40076336,13,5.061729784,58.713
14,11.2,0.542938931,524,13.40076336,13,5.061729784,51.078
19,11.3,0.860687023,524,13.40076336,13,5.061729784,60.834
24,11.3,0.986641221,524,13.40076336,13,5.061729784,72.156
8,11.3,0.159351145,524,13.40076336,13,5.061729784,40.029
13,11.3,0.461832061,524,13.40076336,13,5.061729784,49.042
17,11.3,0.740458015,524,13.40076336,13,5.061729784,56.448
13,11.3,0.461832061,524,13.40076336,13,5.061729784,49.042
13,11.3,0.461832061,524,13.40076336,13,5.061729784,49.042
17,11.4,0.740458015,524,13.40076336,13,5.061729784,56.448
8,11.4,0.159351145,524,13.40076336,13,5.061729784,40.029
18,11.4,0.808206107,524,13.40076336,13,5.061729784,58.713
18,11.5,0.808206107,524,13.40076336,13,5.061729784,58.713
24,11.5,0.986641221,524,13.40076336,13,5.061729784,72.156
10,11.5,0.26240458,524,13.40076336,13,5.061729784,43.641
6,11.6,0.072519084,524,13.40076336,13,5.061729784,35.427
8,11.6,0.159351145,524,13.40076336,13,5.061729784,40.029
12,11.6,0.386450382,524,13.40076336,13,5.061729784,47.114
23,11.6,0.97519084,524,13.40076336,13,5.061729784,69.632
7,11.6,0.113549618,524,13.40076336,13,5.061729784,37.921
17,11.6,0.740458015,524,13.40076336,13,5.061729784,56.448
13,11.6,0.461832061,524,13.40076336,13,5.061729784,49.042
14,11.7,0.542938931,524,13.40076336,13,5.061729784,51.078
11,11.7,0.323473282,524,13.40076336,13,5.061729784,45.42
17,11.7,0.740458015,524,13.40076336,13,5.061729784,56.448
3,11.7,0.021946565,524,13.40076336,13,5.061729784,29.849
12,11.7,0.386450382,524,13.40076336,13,5.061729784,47.114
9,11.7,0.207061069,524,13.40076336,13,5.061729784,41.833
15,11.7,0.618320611,524,13.40076336,13,5.061729784,53.011
6,11.8,0.072519084,524,13.40076336,13,5.061729784,35.427
15,11.8,0.618320611,524,13.40076336,13,5.061729784,53.011
12,11.8,0.386450382,524,13.40076336,13,5.061729784,47.114
12,11.8,0.386450382,524,13.40076336,13,5.061729784,47.114
16,11.8,0.679389313,524,13.40076336,13,5.061729784,54.66
14,11.8,0.542938931,524,13.40076336,13,5.061729784,51.078
12,11.9,0.386450382,524,13.40076336,13,5.061729784,47.114
9,11.9,0.207061069,524,13.40076336,13,5.061729784,41.833
15,11.9,0.618320611,524,13.40076336,13,5.061729784,53.011
7,11.9,0.113549618,524,13.40076336,13,5.061729784,37.921
9,11.9,0.207061069,524,13.40076336,13,5.061729784,41.833
18,11.9,0.808206107,524,13.40076336,13,5.061729784,58.713
16,11.9,0.679389313,524,13.40076336,13,5.061729784,54.66
13,12,0.461832061,524,13.40076336,13,5.061729784,49.042
18,12,0.808206107,524,13.40076336,13,5.061729784,58.713
11,12,0.323473282,524,13.40076336,13,5.061729784,45.42
15,12,0.618320611,524,13.40076336,13,5.061729784,53.011
7,12.1,0.113549618,524,13.40076336,13,5.061729784,37.921
13,12.1,0.461832061,524,13.40076336,13,5.061729784,49.042
20,12.1,0.897900763,524,13.40076336,13,5.061729784,62.697
12,12.1,0.386450382,524,13.40076336,13,5.061729784,47.114
21,12.1,0.935114504,524,13.40076336,13,5.061729784,65.15
13,12.1,0.461832061,524,13.40076336,13,5.061729784,49.042
17,12.1,0.740458015,524,13.40076336,13,5.061729784,56.448
13,12.1,0.461832061,524,13.40076336,13,5.061729784,49.042
18,12.2,0.808206107,524,13.40076336,13,5.061729784,58.713
13,12.2,0.461832061,524,13.40076336,13,5.061729784,49.042
16,12.2,0.679389313,524,13.40076336,13,5.061729784,54.66
12,12.2,0.386450382,524,13.40076336,13,5.061729784,47.114
10,12.3,0.26240458,524,13.40076336,13,5.061729784,43.641
17,12.3,0.740458015,524,13.40076336,13,5.061729784,56.448
20,12.3,0.897900763,524,13.40076336,13,5.061729784,62.697
15,12.3,0.618320611,524,13.40076336,13,5.061729784,53.011
16,12.3,0.679389313,524,13.40076336,13,5.061729784,54.66
9,12.4,0.207061069,524,13.40076336,13,5.061729784,41.833
14,12.4,0.542938931,524,13.40076336,13,5.061729784,51.078
21,12.4,0.935114504,524,13.40076336,13,5.061729784,65.15
12,12.4,0.386450382,524,13.40076336,13,5.061729784,47.114
9,12.4,0.207061069,524,13.40076336,13,5.061729784,41.833
8,12.5,0.159351145,524,13.40076336,13,5.061729784,40.029
13,12.5,0.461832061,524,13.40076336,13,5.061729784,49.042
15,12.5,0.618320611,524,13.40076336,13,5.061729784,53.011
9,12.5,0.207061069,524,13.40076336,13,5.061729784,41.833
20,12.5,0.897900763,524,13.40076336,13,5.061729784,62.697
21,12.5,0.935114504,524,13.40076336,13,5.061729784,65.15
10,12.5,0.26240458,524,13.40076336,13,5.061729784,43.641
17,12.5,0.740458015,524,13.40076336,13,5.061729784,56.448
9,12.5,0.207061069,524,13.40076336,13,5.061729784,41.833
11,12.5,0.323473282,524,13.40076336,13,5.061729784,45.42
15,12.6,0.618320611,524,13.40076336,13,5.061729784,53.011
16,12.6,0.679389313,524,13.40076336,13,5.061729784,54.66
6,12.6,0.072519084,524,13.40076336,13,5.061729784,35.427
13,12.6,0.461832061,524,13.40076336,13,5.061729784,49.042
9,12.7,0.207061069,524,13.40076336,13,5.061729784,41.833
15,12.7,0.618320611,524,13.40076336,13,5.061729784,53.011
18,12.7,0.808206107,524,13.40076336,13,5.061729784,58.713
20,12.7,0.897900763,524,13.40076336,13,5.061729784,62.697
7,12.8,0.113549618,524,13.40076336,13,5.061729784,37.921
18,12.8,0.808206107,524,13.40076336,13,5.061729784,58.713
9,12.8,0.207061069,524,13.40076336,13,5.061729784,41.833
9,12.8,0.207061069,524,13.40076336,13,5.061729784,41.833
14,13,0.542938931,524,13.40076336,13,5.061729784,51.078
12,13,0.386450382,524,13.40076336,13,5.061729784,47.114
14,13.1,0.542938931,524,13.40076336,13,5.061729784,51.078
16,13.1,0.679389313,524,13.40076336,13,5.061729784,54.66
9,13.2,0.207061069,524,13.40076336,13,5.061729784,41.833
15,13.2,0.618320611,524,13.40076336,13,5.061729784,53.011
12,13.2,0.386450382,524,13.40076336,13,5.061729784,47.114
14,13.2,0.542938931,524,13.40076336,13,5.061729784,51.078
14,13.2,0.542938931,524,13.40076336,13,5.061729784,51.078
11,13.3,0.323473282,524,13.40076336,13,5.061729784,45.42
15,13.3,0.618320611,524,13.40076336,13,5.061729784,53.011
16,13.4,0.679389313,524,13.40076336,13,5.061729784,54.66
16,13.4,0.679389313,524,13.40076336,13,5.061729784,54.66
15,13.4,0.618320611,524,13.40076336,13,5.061729784,53.011
22,13.4,0.961832061,524,13.40076336,13,5.061729784,67.724
26,13.4,0.995229008,524,13.40076336,13,5.061729784,75.92
12,13.5,0.386450382,524,13.40076336,13,5.061729784,47.114
21,13.5,0.935114504,524,13.40076336,13,5.061729784,65.15
14,13.5,0.542938931,524,13.40076336,13,5.061729784,51.078
13,13.5,0.461832061,524,13.40076336,13,5.061729784,49.042
8,13.5,0.159351145,524,13.40076336,13,5.061729784,40.029
14,13.6,0.542938931,524,13.40076336,13,5.061729784,51.078
14,13.6,0.542938931,524,13.40076336,13,5.061729784,51.078
18,13.6,0.808206107,524,13.40076336,13,5.061729784,58.713
19,13.6,0.860687023,524,13.40076336,13,5.061729784,60.834
12,13.7,0.386450382,524,13.40076336,13,5.061729784,47.114
17,13.7,0.740458015,524,13.40076336,13,5.061729784,56.448
10,13.8,0.26240458,524,13.40076336,13,5.061729784,43.641
11,13.8,0.323473282,524,13.40076336,13,5.061729784,45.42
13,13.9,0.461832061,524,13.40076336,13,5.061729784,49.042
22,13.9,0.961832061,524,13.40076336,13,5.061729784,67.724
10,13.9,0.26240458,524,13.40076336,13,5.061729784,43.641
13,14,0.461832061,524,13.40076336,13,5.061729784,49.042
12,14,0.386450382,524,13.40076336,13,5.061729784,47.114
13,14.1,0.461832061,524,13.40076336,13,5.061729784,49.042
20,14.1,0.897900763,524,13.40076336,13,5.061729784,62.697
15,14.1,0.618320611,524,13.40076336,13,5.061729784,53.011
18,14.1,0.808206107,524,13.40076336,13,5.061729784,58.713
17,14.2,0.740458015,524,13.40076336,13,5.061729784,56.448
17,14.2,0.740458015,524,13.40076336,13,5.061729784,56.448
18,14.3,0.808206107,524,13.40076336,13,5.061729784,58.713
22,14.3,0.961832061,524,13.40076336,13,5.061729784,67.724
6,14.3,0.072519084,524,13.40076336,13,5.061729784,35.427
13,14.3,0.461832061,524,13.40076336,13,5.061729784,49.042
15,14.3,0.618320611,524,13.40076336,13,5.061729784,53.011
15,14.4,0.618320611,524,13.40076336,13,5.061729784,53.011
16,14.4,0.679389313,524,13.40076336,13,5.061729784,54.66
13,14.4,0.461832061,524,13.40076336,13,5.061729784,49.042
13,14.4,0.461832061,524,13.40076336,13,5.061729784,49.042
15,14.4,0.618320611,524,13.40076336,13,5.061729784,53.011
9,14.5,0.207061069,524,13.40076336,13,5.061729784,41.833
15,14.5,0.618320611,524,13.40076336,13,5.061729784,53.011
21,14.5,0.935114504,524,13.40076336,13,5.061729784,65.15
14,14.7,0.542938931,524,13.40076336,13,5.061729784,51.078
26,14.7,0.995229008,524,13.40076336,13,5.061729784,75.92
17,14.7,0.740458015,524,13.40076336,13,5.061729784,56.448
24,14.7,0.986641221,524,13.40076336,13,5.061729784,72.156
13,14.7,0.461832061,524,13.40076336,13,5.061729784,49.042
14,14.8,0.542938931,524,13.40076336,13,5.061729784,51.078
17,14.8,0.740458015,524,13.40076336,13,5.061729784,56.448
13,14.9,0.461832061,524,13.40076336,13,5.061729784,49.042
15,14.9,0.618320611,524,13.40076336,13,5.061729784,53.011
23,14.9,0.97519084,524,13.40076336,13,5.061729784,69.632
16,14.9,0.679389313,524,13.40076336,13,5.061729784,54.66
10,14.9,0.26240458,524,13.40076336,13,5.061729784,43.641
18,15,0.808206107,524,13.40076336,13,5.061729784,58.713
12,15.2,0.386450382,524,13.40076336,13,5.061729784,47.114
20,15.2,0.897900763,524,13.40076336,13,5.061729784,62.697
19,15.3,0.860687023,524,13.40076336,13,5.061729784,60.834
21,15.3,0.935114504,524,13.40076336,13,5.061729784,65.15
17,15.5,0.740458015,524,13.40076336,13,5.061729784,56.448
19,15.5,0.860687023,524,13.40076336,13,5.061729784,60.834
20,15.5,0.897900763,524,13.40076336,13,5.061729784,62.697
10,15.6,0.26240458,524,13.40076336,13,5.061729784,43.641
14,15.6,0.542938931,524,13.40076336,13,5.061729784,51.078
15,15.6,0.618320611,524,13.40076336,13,5.061729784,53.011
18,15.7,0.808206107,524,13.40076336,13,5.061729784,58.713
16,15.7,0.679389313,524,13.40076336,13,5.061729784,54.66
18,15.7,0.808206107,524,13.40076336,13,5.061729784,58.713
17,15.8,0.740458015,524,13.40076336,13,5.061729784,56.448
17,15.8,0.740458015,524,13.40076336,13,5.061729784,56.448
10,15.9,0.26240458,524,13.40076336,13,5.061729784,43.641
13,15.9,0.461832061,524,13.40076336,13,5.061729784,49.042
14,16,0.542938931,524,13.40076336,13,5.061729784,51.078
19,16,0.860687023,524,13.40076336,13,5.061729784,60.834
18,16.1,0.808206107,524,13.40076336,13,5.061729784,58.713
19,16.2,0.860687023,524,13.40076336,13,5.061729784,60.834
9,16.4,0.207061069,524,13.40076336,13,5.061729784,41.833
13,16.5,0.461832061,524,13.40076336,13,5.061729784,49.042
17,16.7,0.740458015,524,13.40076336,13,5.061729784,56.448
12,16.7,0.386450382,524,13.40076336,13,5.061729784,47.114
6,16.8,0.072519084,524,13.40076336,13,5.061729784,35.427
14,17,0.542938931,524,13.40076336,13,5.061729784,51.078
7,17,0.113549618,524,13.40076336,13,5.061729784,37.921
13,17.1,0.461832061,524,13.40076336,13,5.061729784,49.042
12,17.3,0.386450382,524,13.40076336,13,5.061729784,47.114
8,17.3,0.159351145,524,13.40076336,13,5.061729784,40.029
18,17.4,0.808206107,524,13.40076336,13,5.061729784,58.713
17,17.5,0.740458015,524,13.40076336,13,5.061729784,56.448
17,17.5,0.740458015,524,13.40076336,13,5.061729784,56.448
13,17.7,0.461832061,524,13.40076336,13,5.061729784,49.042
14,17.7,0.542938931,524,13.40076336,13,5.061729784,51.078
13,17.9,0.461832061,524,13.40076336,13,5.061729784,49.042
20,17.9,0.897900763,524,13.40076336,13,5.061729784,62.697
16,17.9,0.679389313,524,13.40076336,13,5.061729784,54.66
16,18.1,0.679389313,524,13.40076336,13,5.061729784,54.66
17,18.2,0.740458015,524,13.40076336,13,5.061729784,56.448
17,18.8,0.738049713,523,13.48948375,14,5.013142146,56.373
13,18.9,0.456978967,523,13.48948375,14,5.013142146,48.92
18,19.6,0.80155642,514,13.68677043,14,4.863150624,58.472
22,19.8,0.959064327,513,13.71929825,14,4.825789068,67.399
11,19.9,0.303118908,513,13.71929825,14,4.825789068,44.845
12,20,0.366731518,514,13.72957198,14,4.82670659,46.595
13,20.3,0.44140625,512,13.76953125,14,4.793342719,48.526
16,21.1,0.655753968,504,13.96428571,14,4.711003393,54.009
19,21.1,0.850198413,504,13.96428571,14,4.711003393,60.373
10,21.2,0.218253968,504,13.96428571,14,4.711003393,42.219
13,21.3,0.425702811,498,14.01204819,14,4.700684421,48.127
22,21.6,0.955284553,492,14.09552846,14,4.678352923,66.984
21,21.9,0.925465839,483,14.2484472,14,4.596179709,64.428
17,21.9,0.702898551,483,14.2484472,14,4.596179709,55.328
6,22,0.030334728,478,14.27196653,14,4.613953032,31.241
19,22.2,0.838877339,481,14.2972973,14,4.627023541,59.899
23,22.2,0.967775468,481,14.2972973,14,4.627023541,68.491
15,22.3,0.564718163,479,14.31941545,14,4.619888204,51.629
21,22.3,0.922755741,479,14.31941545,14,4.619888204,64.239
14,22.7,0.485294118,476,14.33193277,14,4.618852585,49.631
12,23.3,0.30372807,456,14.51754386,14,4.62146441,44.863
19,23.5,0.820454545,440,14.69318182,15,4.581725497,59.171
18,23.6,0.747058824,425,14.74823529,15,4.595953197,56.653
22,24,0.941605839,411,14.8540146,15,4.583438074,65.684
20,24.1,0.859605911,406,14.88916256,15,4.586079935,60.786
24,24.2,0.977832512,406,14.88916256,15,4.586079935,70.109
27,24.3,0.99875,400,14.9175,15,4.587844214,80.233
19,24.4,0.807304786,397,14.92947103,15,4.578172077,58.68
19,24.6,0.80620155,387,14.96124031,15,4.591165939,58.64
20,24.7,0.860465116,387,14.96124031,15,4.591165939,60.824
15,24.9,0.496083551,383,14.97389034,15,4.579643926,49.902
17,25.1,0.633241758,364,15.09340659,15,4.602318309,53.405
23,25.1,0.956043956,364,15.09340659,15,4.602318309,67.065
21,25.3,0.895251397,358,15.15083799,15,4.671222691,62.549
14,25.6,0.386153846,325,15.43692308,15,4.539931515,47.106
21,25.7,0.883792049,327,15.46788991,15,4.551482211,61.942
21,25.8,0.882352941,323,15.50154799,15,4.571294863,61.868
16,26.1,0.526315789,304,15.58223684,16,4.576429813,50.66
13,26.1,0.291118421,304,15.58223684,16,4.576429813,44.499
21,26.2,0.878688525,305,15.58032787,16,4.569018223,61.685
21,26.4,0.878787879,297,15.59259259,16,4.569916206,61.689
18,26.5,0.695578231,294,15.60544218,16,4.568863046,55.117
14,26.6,0.360915493,284,15.66901408,16,4.490621292,46.44
22,26.8,0.922939068,279,15.76344086,16,4.434327789,64.251
21,26.8,0.878136201,279,15.76344086,16,4.434327789,61.657
20,26.9,0.818681319,273,15.83516484,16,4.429838007,59.104
16,27,0.501879699,266,15.92857143,16,4.405675095,50.047
17,27,0.584586466,266,15.92857143,16,4.405675095,52.136
15,27.4,0.416,250,16.048,16,4.455682712,47.879
19,27.4,0.74,250,16.048,16,4.455682712,56.433
17,27.5,0.565306122,245,16.11020408,16,4.43441482,51.644
18,27.5,0.657142857,245,16.11020408,16,4.43441482,54.047
19,27.6,0.732758621,232,16.28017241,16.5,4.367723407,56.212
21,27.6,0.855603448,232,16.28017241,16.5,4.367723407,60.608
24,27.6,0.959051724,232,16.28017241,16.5,4.367723407,67.398
15,27.7,0.396551724,232,16.28017241,16.5,4.367723407,47.377
18,27.8,0.646929825,228,16.29385965,16.5,4.370158821,53.77
19,28,0.727678571,224,16.39285714,17,4.307376388,56.058
26,28,0.984375,224,16.39285714,17,4.307376388,71.539
24,28.1,0.957013575,221,16.42081448,17,4.326380102,67.17
8,28.3,0.025114155,219,16.52968037,17,4.331745987,30.42
20,28.7,0.785714286,203,16.58128079,17,4.32664372,57.916
16,29,0.420918367,196,16.68877551,17,4.29550469,48.005
20,29.1,0.780104712,191,16.72774869,17,4.313896109,57.725
17,29.4,0.50802139,187,16.76470588,17,4.271465123,50.201
20,30,0.781609195,174,16.7816092,17,4.340760668,57.776
15,30.9,0.342592593,162,16.80864198,17,4.457576355,45.946
11,31,0.1,160,16.875,17,4.442150876,37.184
17,31,0.49375,160,16.875,17,4.442150876,49.843
18,31.4,0.588050314,159,16.91194969,17,4.465597962,52.225
21,31.5,0.819875776,161,16.8447205,17,4.555983711,59.149
16,32.2,0.378980892,157,17.12738854,17,4.455946926,46.918
24,33.6,0.934210526,152,17.15789474,17,4.526749434,65.079
15,33.8,0.305921053,152,17.15789474,17,4.526749434,44.926
18,34.5,0.54248366,153,17.13071895,17,4.551883373,51.067
9,34.8,0.039215686,153,17.12418301,17,4.551344887,32.401
19,35,0.651315789,152,17.125,17,4.522661849,53.889
17,35.5,0.470967742,155,17.03870968,17,4.62613113,49.272
18,35.5,0.551612903,155,17.03870968,17,4.62613113,51.297
23,35.8,0.898089172,157,17.03821656,17,4.596382845,62.707
12,35.9,0.14556962,158,17.03164557,17,4.582465731,39.444
10,36,0.078616352,159,17.01886792,17,4.57078186,35.856
10,36.4,0.075,160,16.95625,17,4.575497876,35.605
19,36.6,0.667701863,161,16.96273292,17,4.561918728,54.336
19,36.9,0.673913043,161,16.91304348,17,4.550262773,54.507
17,37.1,0.490506329,158,16.9556962,17,4.498187797,49.762
14,37.1,0.25,158,16.9556962,17,4.498187797,43.255
25,37.2,0.96835443,158,16.86708861,17,4.48650408,68.571
14,37.2,0.256329114,158,16.86708861,17,4.48650408,43.453
19,37.6,0.685534591,159,16.80503145,17,4.50524025,54.832
24,38.2,0.932515337,163,16.86503067,17,4.507216898,64.948
9,38.3,0.036363636,165,16.85454545,17,4.486095789,32.055
15,38.7,0.330246914,162,16.86419753,17,4.50742131,45.608
12,38.9,0.151515152,165,16.81818182,17,4.484761091,39.7
18,39,0.606060606,165,16.81818182,17,4.484761091,52.691
19,39.4,0.718181818,165,16.55151515,17,4.419201534,55.774
11,39.6,0.115151515,165,16.52121212,17,4.419452398,38.004
17,39.8,0.557575758,165,16.44242424,16,4.42326377,51.448
27,40.2,0.994117647,170,16.37647059,16,4.418831329,75.191
22,40.3,0.891176471,170,16.37647059,16,4.418831329,62.328
22,40.4,0.891812865,171,16.32748538,16,4.396295779,62.362
19,40.5,0.742690058,171,16.32748538,16,4.396295779,56.517
15,40.6,0.398843931,173,16.27745665,16,4.396538068,47.437
17,40.6,0.575144509,173,16.27745665,16,4.396538068,51.895
17,40.7,0.578488372,172,16.25581395,16,4.392140899,51.98
24,40.7,0.941860465,172,16.25581395,16,4.392140899,65.706
20,40.8,0.820809249,173,16.20809249,16,4.424107235,59.185
10,40.8,0.078034682,173,16.20809249,16,4.424107235,35.816
15,41.2,0.401129944,177,16.22033898,16,4.391628645,47.496
16,41.7,0.483050847,177,16.24858757,16,4.393346045,49.575
13,41.8,0.231638418,177,16.24858757,16,4.393346045,42.665
13,42.2,0.24,175,16.11428571,16,4.408530319,42.937
18,42.2,0.674285714,175,16.11428571,16,4.408530319,54.518
23,42.2,0.914285714,175,16.11428571,16,4.408530319,63.676
12,42.3,0.177142857,175,16.11428571,16,4.408530319,40.737
19,42.4,0.767045455,176,16.11363636,16,4.395924913,57.292
13,42.6,0.248554913,173,16.06358382,16,4.435782473,43.21
13,43.1,0.25433526,173,15.92485549,16,4.364246333,43.391
24,43.2,0.954022989,174,15.86781609,16,4.314218842,66.852
17,43.3,0.618644068,177,15.86440678,16,4.299012679,53.019
14,43.3,0.350282486,177,15.86440678,16,4.299012679,46.154
15,44.1,0.456989247,186,15.69354839,15.5,4.540229937,48.92
13,44.2,0.281081081,185,15.67027027,15,4.54140761,44.204
16,44.4,0.539893617,188,15.70744681,15.5,4.536783458,51.002
19,44.4,0.781914894,188,15.70744681,15.5,4.536783458,57.787
10,44.5,0.098930481,187,15.70053476,15,4.547970093,37.123
17,44.7,0.635897436,195,15.6,15,4.550291709,53.475
14,44.8,0.385,200,15.495,15,4.563342577,47.076
11,44.9,0.163366337,202,15.48514851,15,4.574673653,40.193
9,44.9,0.071782178,202,15.48514851,15,4.574673653,35.374
27,45,0.995098039,204,15.48039216,15,4.591125284,75.827
16,45,0.558823529,204,15.48039216,15,4.591125284,51.48
16,45.4,0.565217391,207,15.42028986,15,4.577506625,51.642
25,45.4,0.97826087,207,15.42028986,15,4.577506625,70.191
18,45.7,0.719047619,210,15.39047619,15,4.578909918,55.8
15,45.9,0.497695853,217,15.26267281,15,4.610790308,49.942
19,46.1,0.794930876,217,15.29953917,15,4.625578019,58.237
18,46.2,0.723502304,217,15.29953917,15,4.625578019,55.933
22,46.3,0.908256881,218,15.29816514,15,4.61495229,63.301
19,46.5,0.796803653,219,15.28767123,15,4.600995461,58.303
4,46.5,0.011415525,219,15.28767123,15,4.600995461,27.237
9,46.5,0.075342466,219,15.28767123,15,4.600995461,35.629
15,46.7,0.5,219,15.25570776,15,4.585417835,50
24,47,0.957207207,222,15.28828829,15,4.599601374,67.192
20,47.1,0.86036036,222,15.28828829,15,4.599601374,60.819
13,47.3,0.316143498,223,15.22869955,15,4.674704945,45.215
19,47.7,0.80349345,229,15.15283843,15,4.653639707,58.542
9,47.9,0.074152542,236,15.28389831,15,4.684051171,35.545
15,48.3,0.495867769,242,15.26859504,15,4.643981213,49.896
19,48.6,0.804878049,246,15.24796748,15,4.629044942,58.592
9,48.6,0.073170732,246,15.24796748,15,4.629044942,35.474
16,48.6,0.579268293,246,15.24796748,15,4.629044942,52
11,49.1,0.176,250,15.292,15,4.649862459,40.693
20,49.1,0.864,250,15.292,15,4.649862459,60.985
12,49.5,0.23046875,256,15.328125,15,4.643543905,42.627
17,49.7,0.657692308,260,15.24230769,15,4.650625655,54.062
16,49.9,0.572243346,263,15.28897338,15,4.614132796,51.821
5,50.1,0.020599251,267,15.31460674,15,4.607762751,29.585
13,50.1,0.316479401,267,15.31460674,15,4.607762751,45.224
11,50.4,0.170411985,267,15.31460674,15,4.607762751,40.475
12,50.4,0.232209738,267,15.31460674,15,4.607762751,42.684
22,50.5,0.906367041,267,15.31460674,15,4.607762751,63.187
17,50.7,0.652255639,266,15.31203008,15,4.617890355,53.914
17,50.8,0.652255639,266,15.31203008,15,4.617890355,53.914
16,50.9,0.56928839,267,15.31086142,15,4.6035286,51.746
15,51,0.485074627,268,15.30597015,15,4.64665739,49.626
14,51.1,0.402985075,268,15.34701493,15,4.648195499,47.544
11,51.1,0.169776119,268,15.34701493,15,4.648195499,40.449
11,51.2,0.169144981,269,15.3605948,15,4.644858458,40.425
16,51.3,0.564575646,271,15.32103321,15,4.653580903,51.626
13,51.4,0.318014706,272,15.29779412,15,4.660772419,45.267
18,51.6,0.720588235,272,15.34191176,15,4.667229796,55.846
14,51.8,0.402930403,273,15.34432234,15,4.658812688,47.542
12,52.2,0.231046931,277,15.33935018,15,4.684271046,42.646
16,52.2,0.566787004,277,15.33935018,15,4.684271046,51.682
11,52.4,0.172101449,276,15.29710145,15,4.65994057,40.541
12,52.5,0.232851986,277,15.29241877,15,4.652143841,42.705
20,52.5,0.85198556,277,15.29241877,15,4.652143841,60.45
14,52.9,0.416955017,289,15.15570934,15,4.68226303,47.903
26,53,0.986348123,293,15.13651877,15,4.68330584,72.071
17,53.1,0.666666667,294,15.0952381,15,4.728583237,54.307
17,53.2,0.665540541,296,15.10810811,15,4.71799316,54.276
17,53.2,0.665540541,296,15.10810811,15,4.71799316,54.276
14,53.3,0.420338983,295,15.0779661,15,4.697374712,47.99
18,53.3,0.737288136,295,15.0779661,15,4.697374712,56.35
16,53.8,0.580267559,299,15.08695652,15,4.703896404,52.026
12,53.9,0.247491639,299,15.08695652,15,4.703896404,43.176
15,53.9,0.496655518,299,15.08695652,15,4.703896404,49.916
13,54.2,0.328903654,301,15.08637874,15,4.774848742,45.571
10,54.4,0.143092105,304,15.10855263,15,4.774595092,39.335
10,54.4,0.143092105,304,15.10855263,15,4.774595092,39.335
16,54.4,0.578947368,304,15.10855263,15,4.774595092,51.992
14,54.6,0.413680782,307,15.11726384,15,4.750568766,47.819
13,54.7,0.321895425,306,15.13071895,15,4.752487267,45.376
13,54.7,0.321895425,306,15.13071895,15,4.752487267,45.376
19,55,0.80483871,310,15.09032258,15,4.747839218,58.59
24,55,0.967741935,310,15.09032258,15,4.747839218,68.486
18,55,0.737096774,310,15.09032258,15,4.747839218,56.344
14,55.1,0.412420382,314,15.09235669,15,4.746049865,47.787
10,55.1,0.144904459,314,15.09235669,15,4.746049865,39.415
14,55.1,0.412420382,314,15.09235669,15,4.746049865,47.787
14,55.2,0.412420382,314,15.09235669,15,4.746049865,47.787
13,55.2,0.323248408,314,15.09235669,15,4.746049865,45.414
15,55.4,0.5,315,14.9968254,15,4.694825999,50
14,55.4,0.417460317,315,14.9968254,15,4.694825999,47.916
11,55.6,0.196485623,313,14.96166134,15,4.687524337,41.458
13,55.6,0.330670927,313,14.96166134,15,4.687524337,45.619
15,55.7,0.506410256,312,14.93269231,15,4.710113132,50.161
8,55.8,0.059485531,311,14.88102894,15,4.696119905,34.409
22,55.9,0.921474359,312,14.8974359,15,4.677619269,64.151
14,55.9,0.424679487,312,14.8974359,15,4.677619269,48.101
15,56,0.511146497,314,14.87261146,15,4.675715407,50.279
21,56,0.898089172,314,14.87261146,15,4.675715407,62.707
18,56,0.753184713,314,14.87261146,15,4.675715407,56.845
19,56,0.820063694,314,14.87261146,15,4.675715407,59.156
16,56.1,0.606012658,316,14.84493671,15,4.68750514,52.689
13,56.2,0.340694006,317,14.80757098,15,4.727130767,45.894
18,56.3,0.754746835,316,14.80696203,15,4.73461575,56.895
19,56.6,0.818322981,322,14.85093168,15,4.748124641,59.09
21,56.7,0.897832817,323,14.86377709,15,4.746363823,62.693
9,56.9,0.110248447,322,14.86024845,15,4.753326817,37.748
17,56.9,0.683229814,322,14.86024845,15,4.753326817,54.767
14,57.2,0.430981595,326,14.82208589,15,4.74379951,48.261
16,57.4,0.608359133,323,14.79876161,15,4.737166221,52.75
12,57.5,0.264705882,323,14.78947368,15,4.731841463,43.711
15,57.7,0.513888889,324,14.79012346,15,4.729764914,50.348
14,57.9,0.427051672,329,14.83586626,15,4.735419463,48.161
20,58,0.868181818,330,14.80606061,15,4.75911791,61.178
23,58,0.95,330,14.80606061,15,4.75911791,66.449
13,58.1,0.340909091,330,14.80606061,15,4.75911791,45.9
13,58.1,0.340909091,330,14.80606061,15,4.75911791,45.9
20,58.1,0.868181818,330,14.80606061,15,4.75911791,61.178
17,58.2,0.690332326,331,14.78851964,15,4.770234851,54.968
13,58.2,0.341389728,331,14.78851964,15,4.770234851,45.913
12,58.3,0.268882175,331,14.76435045,15,4.743614315,43.838
15,58.3,0.513595166,331,14.76435045,15,4.743614315,50.341
20,58.3,0.871601208,331,14.76435045,15,4.743614315,61.34
19,58.5,0.821752266,331,14.70694864,15,4.7909555,59.221
25,58.6,0.983383686,331,14.70694864,15,4.7909555,71.293
13,58.6,0.347432024,331,14.70694864,15,4.7909555,46.077
11,58.7,0.219219219,333,14.72672673,15,4.805911311,42.252
12,58.7,0.274774775,333,14.72672673,15,4.805911311,44.016
4,58.8,0.018018018,333,14.72672673,15,4.805911311,29.035
4,58.9,0.017964072,334,14.72754491,15,4.798713099,29.023
8,58.9,0.073353293,334,14.72754491,15,4.798713099,35.487
9,59,0.118343195,338,14.77218935,15,4.806480103,38.167
17,59,0.689349112,338,14.77218935,15,4.806480103,54.94
9,59.1,0.120234604,341,14.76246334,15,4.822057021,38.262
24,59.1,0.970674487,341,14.76246334,15,4.822057021,68.908
15,59.3,0.511764706,340,14.77647059,15,4.831378436,50.295
16,59.3,0.604411765,340,14.77647059,15,4.831378436,52.648
23,59.4,0.948830409,342,14.75730994,15,4.825049716,66.336
8,59.6,0.074780059,341,14.74193548,15,4.822523846,35.589
17,59.6,0.68914956,341,14.74193548,15,4.822523846,54.934
8,59.6,0.074780059,341,14.74193548,15,4.822523846,35.589
16,59.6,0.609970674,341,14.74193548,15,4.822523846,52.792
13,59.6,0.351906158,341,14.74193548,15,4.822523846,46.198
10,59.7,0.171052632,342,14.74269006,15,4.815467724,40.5
15,59.7,0.519005848,342,14.74269006,15,4.815467724,50.477
19,59.7,0.81871345,342,14.74269006,15,4.815467724,59.105
9,59.8,0.120289855,345,14.75652174,15,4.827112089,38.265
14,59.8,0.434782609,345,14.75652174,15,4.827112089,48.358
7,59.8,0.050724638,345,14.75652174,15,4.827112089,33.621
14,59.8,0.434782609,345,14.75652174,15,4.827112089,48.358
13,59.8,0.350724638,345,14.75652174,15,4.827112089,46.166
20,59.9,0.864825581,344,14.75872093,15,4.833970486,61.023
9,59.9,0.120639535,344,14.75872093,15,4.833970486,38.282
21,60,0.890988372,344,14.80523256,15,4.831248679,62.318
9,60,0.119186047,344,14.80523256,15,4.831248679,38.209
11,60.2,0.219020173,347,14.75216138,15,4.800856703,42.245
11,60.2,0.219020173,347,14.75216138,15,4.800856703,42.245
19,60.3,0.81556196,347,14.75216138,15,4.800856703,58.986
13,60.3,0.351585014,347,14.75216138,15,4.800856703,46.19
9,60.5,0.122478386,347,14.69740634,15,4.782321632,38.373
19,60.5,0.818443804,347,14.69740634,15,4.782321632,59.095
12,60.5,0.278097983,347,14.69740634,15,4.782321632,44.115
10,60.8,0.177053824,353,14.71388102,15,4.796454059,40.733
12,60.8,0.279036827,353,14.71388102,15,4.796454059,44.143
12,60.8,0.279036827,353,14.71388102,15,4.796454059,44.143
16,60.8,0.611898017,353,14.71388102,15,4.796454059,52.843
3,60.9,0.007062147,354,14.73446328,15,4.805284965,25.459
14,60.9,0.435028249,354,14.73446328,15,4.805284965,48.364
13,60.9,0.353107345,354,14.73446328,15,4.805284965,46.231
22,61,0.922316384,354,14.75141243,15,4.816792008,64.208
16,61,0.607344633,354,14.75141243,15,4.816792008,52.724
13,61,0.353107345,354,14.75141243,15,4.816792008,46.231
15,61.3,0.523611111,360,14.70833333,15,4.837865675,50.592
16,61.4,0.616666667,360,14.67222222,15,4.831801057,52.967
15,61.5,0.526243094,362,14.66850829,15,4.82784542,50.658
14,61.6,0.440443213,361,14.72576177,15,4.798104491,48.502
11,61.9,0.226027397,365,14.73150685,15,4.787715413,42.48
19,62,0.811989101,367,14.73297003,15,4.831542271,58.853
23,62,0.948228883,367,14.73297003,15,4.831542271,66.279
16,62.2,0.611413043,368,14.71195652,15,4.809013843,52.83
2,62.3,0.001355014,369,14.70189702,15,4.806361464,20.012
14,62.5,0.440379404,369,14.7100271,15,4.806012115,48.5
17,62.5,0.68699187,369,14.7100271,15,4.806012115,54.873
11,62.5,0.227642276,369,14.7100271,15,4.806012115,42.534
10,62.6,0.177027027,370,14.71351351,15,4.799963988,40.732
12,62.7,0.285714286,371,14.68463612,15,4.825636053,44.341
10,62.7,0.179245283,371,14.68463612,15,4.825636053,40.818
17,62.8,0.690540541,370,14.67297297,15,4.826931485,54.974
18,62.8,0.755405405,370,14.67297297,15,4.826931485,56.916
23,62.8,0.951351351,370,14.67297297,15,4.826931485,66.581
26,62.8,0.994594595,370,14.67297297,15,4.826931485,75.488
15,62.9,0.522972973,370,14.67297297,15,4.826931485,50.576
20,62.9,0.860810811,370,14.67297297,15,4.826931485,60.84
18,62.9,0.755405405,370,14.67297297,15,4.826931485,56.916
11,63,0.227642276,369,14.68834688,15,4.824405768,42.534
14,63.1,0.443396226,371,14.66846361,15,4.819504579,48.576
17,63.2,0.691374663,371,14.66846361,15,4.819504579,54.998
18,63.3,0.75606469,371,14.66846361,15,4.819504579,56.937
16,63.3,0.614555256,371,14.66846361,15,4.819504579,52.912
12,63.3,0.287061995,371,14.66846361,15,4.819504579,44.38
13,63.4,0.365229111,371,14.66037736,15,4.821463148,46.555
9,63.5,0.121657754,374,14.64171123,15,4.808947566,38.333
16,63.5,0.617647059,374,14.64171123,15,4.808947566,52.993
18,63.6,0.75994695,377,14.62068966,15,4.807119781,57.061
10,63.7,0.177807487,374,14.62032086,15,4.81176105,40.762
27,63.8,0.998663102,374,14.62032086,15,4.81176105,80.029
18,63.9,0.758666667,375,14.63466667,15,4.813347455,57.02
20,64,0.861333333,375,14.63466667,15,4.813347455,60.863
18,64,0.758666667,375,14.63466667,15,4.813347455,57.02
18,64.1,0.758666667,375,14.63466667,15,4.813347455,57.02
13,64.3,0.367647059,374,14.61764706,15,4.814055474,46.619
21,64.3,0.895721925,374,14.61764706,15,4.814055474,62.575
23,64.4,0.950797872,376,14.62234043,15,4.832769348,66.526
13,64.5,0.368351064,376,14.62234043,15,4.832769348,46.638
13,64.5,0.368351064,376,14.62234043,15,4.832769348,46.638
18,64.5,0.759308511,376,14.62234043,15,4.832769348,57.041
8,64.6,0.08,375,14.62933333,15,4.837320748,35.949
16,64.7,0.619680851,376,14.63031915,15,4.830904501,53.046
10,64.7,0.180851064,376,14.63031915,15,4.830904501,40.879
12,64.7,0.28856383,376,14.63031915,15,4.830904501,44.424
11,64.7,0.232712766,376,14.63031915,15,4.830904501,42.701
16,64.8,0.621333333,375,14.624,15,4.835802307,53.09
18,64.8,0.758666667,375,14.624,15,4.835802307,57.02
18,64.8,0.758666667,375,14.624,15,4.835802307,57.02
15,64.9,0.53342246,374,14.62032086,15,4.841754706,50.839
23,65,0.950534759,374,14.62032086,15,4.841754706,66.501
17,65,0.695187166,374,14.62032086,15,4.841754706,55.106
12,65,0.290106952,374,14.62032086,15,4.841754706,44.469
18,65,0.75802139,374,14.62032086,15,4.841754706,57
17,65.1,0.696,375,14.62133333,15,4.835317191,55.129
19,65.7,0.820855615,374,14.5802139,15,4.845908028,59.186
22,65.9,0.923592493,373,14.55764075,15,4.849346127,64.297
16,65.9,0.63002681,373,14.55764075,15,4.849346127,53.319
5,66,0.029490617,373,14.55764075,15,4.849346127,31.117
21,66,0.895442359,373,14.55764075,15,4.849346127,62.56
21,66.1,0.89516129,372,14.55645161,14.5,4.85582278,62.545
19,66.2,0.819407008,371,14.57681941,15,4.862031787,59.131
8,66.3,0.083783784,370,14.58648649,15,4.865043841,36.199
12,66.3,0.291891892,370,14.58648649,15,4.865043841,44.521
9,66.4,0.130434783,368,14.58695652,15,4.877020965,38.757
22,66.6,0.922972973,370,14.58648649,15,4.867271494,64.254
16,66.7,0.624661247,369,14.57723577,15,4.870621998,53.177
19,66.8,0.818428184,369,14.57723577,15,4.870621998,59.094
14,67,0.453929539,369,14.59891599,15,4.885826764,48.843
13,67,0.371273713,369,14.59891599,15,4.885826764,46.715
8,67.1,0.08401084,369,14.59891599,15,4.885826764,36.214
16,67.1,0.62195122,369,14.59891599,15,4.885826764,53.106
21,67.2,0.891598916,369,14.59891599,15,4.885826764,62.351
14,67.2,0.453929539,369,14.59891599,15,4.885826764,48.843
24,67.2,0.971544715,369,14.59891599,15,4.885826764,69.04
12,67.4,0.293478261,368,14.5923913,15,4.89866208,44.567
14,67.5,0.451351351,370,14.62972973,15,4.915070837,48.778
6,67.6,0.040540541,370,14.62972973,15,4.906240971,32.556
10,67.6,0.190540541,370,14.62972973,15,4.906240971,41.241
4,67.6,0.016216216,370,14.62972973,15,4.906240971,28.61
12,67.6,0.290540541,370,14.62972973,15,4.906240971,44.482
10,67.7,0.190540541,370,14.62972973,15,4.906240971,41.241
14,67.7,0.448648649,370,14.62972973,15,4.906240971,48.709
8,67.7,0.085135135,370,14.62972973,15,4.906240971,36.287
14,67.7,0.448648649,370,14.62972973,15,4.906240971,48.709
16,67.7,0.618918919,370,14.62972973,15,4.906240971,53.026
19,67.8,0.814864865,370,14.62972973,15,4.906240971,58.96
16,67.9,0.617250674,371,14.64420485,15,4.907532831,52.983
16,67.9,0.617250674,371,14.64420485,15,4.907532831,52.983
18,67.9,0.750673854,371,14.64420485,15,4.907532831,56.766
14,68,0.447439353,371,14.64420485,15,4.907532831,48.679
9,68,0.132075472,371,14.64420485,15,4.907532831,38.834
11,68,0.239892183,371,14.64420485,15,4.907532831,42.934
21,68,0.889487871,371,14.64420485,15,4.907532831,62.238
3,68.1,0.006756757,370,14.61351351,15,4.878394498,25.301
19,68.2,0.814864865,370,14.6027027,15,4.877523611,58.96
15,68.2,0.533783784,370,14.6027027,15,4.877523611,50.848
8,68.4,0.086065574,366,14.58196721,15,4.897592639,36.346
15,68.4,0.536885246,366,14.58196721,15,4.897592639,50.926
19,68.4,0.81284153,366,14.58196721,15,4.897592639,58.884
8,68.5,0.085597826,368,14.58967391,15,4.905382897,36.316
20,68.6,0.854619565,368,14.58967391,15,4.905382897,60.565
17,68.8,0.693766938,369,14.57452575,15,4.907348234,55.066
5,69.1,0.030054645,366,14.57650273,15,4.925015242,31.2
23,69.2,0.949453552,366,14.57650273,15,4.925015242,66.396
9,69.2,0.135245902,366,14.57650273,15,4.925015242,38.981
23,69.2,0.949453552,366,14.57650273,15,4.925015242,66.396
13,69.4,0.373626374,364,14.56593407,15,4.950281062,46.777
23,69.4,0.949175824,364,14.56593407,15,4.950281062,66.369
16,69.4,0.623626374,364,14.56593407,15,4.950281062,53.15
17,69.5,0.68956044,364,14.56593407,15,4.950281062,54.946
16,69.5,0.623626374,364,14.56593407,15,4.950281062,53.15
18,69.6,0.747252747,364,14.56593407,15,4.950281062,56.659
16,69.6,0.623626374,364,14.56593407,15,4.950281062,53.15
7,69.9,0.059392265,362,14.55248619,15,4.982935635,34.401
14,69.9,0.455801105,362,14.55248619,15,4.982935635,48.89
17,69.9,0.687845304,362,14.55248619,15,4.982935635,54.898
15,70,0.537190083,363,14.5399449,15,4.981781948,50.934
12,70,0.305785124,363,14.5399449,15,4.981781948,44.922
15,70.1,0.541666667,360,14.49166667,14.5,4.968416964,51.046
9,70.1,0.144444444,360,14.49166667,14.5,4.968416964,39.394
15,70.1,0.541666667,360,14.49166667,14.5,4.968416964,51.046
22,70.1,0.920833333,360,14.49166667,14.5,4.968416964,64.107
9,70.3,0.146067416,356,14.5252809,15,4.995426774,39.466
15,70.4,0.532485876,354,14.52542373,15,5.009416398,50.815
10,70.4,0.209039548,354,14.52542373,15,5.009416398,41.902
8,70.7,0.095170455,352,14.53977273,15,5.019461607,36.904
10,70.8,0.213068182,352,14.52272727,15,5.02807451,42.042
19,70.9,0.807142857,350,14.52285714,15,5.014396793,58.674
15,70.9,0.53,350,14.52285714,15,5.014396793,50.753
16,70.9,0.617142857,350,14.52285714,15,5.014396793,52.98
13,71,0.382857143,350,14.52285714,15,5.014396793,47.02
9,71,0.147142857,350,14.52285714,15,5.014396793,39.512
6,71.1,0.044797688,346,14.47976879,15,5.021795505,33.025
15,71.1,0.534682081,346,14.47976879,15,5.021795505,50.87
3,71.2,0.007246377,345,14.47536232,15,5.028419402,25.552
18,71.4,0.748546512,344,14.45639535,15,5.037279661,56.699
9,71.4,0.149709302,344,14.45639535,15,5.037279661,39.623
15,71.4,0.537790698,344,14.45639535,15,5.037279661,50.949
20,71.4,0.853197674,344,14.45639535,15,5.037279661,60.502
25,71.5,0.986956522,345,14.44927536,15,5.03169094,72.249
16,71.5,0.624637681,345,14.44927536,15,5.03169094,53.177
19,71.7,0.810144928,345,14.42318841,14,5.03135936,58.784
13,71.8,0.395652174,345,14.43478261,14,5.051128877,47.354
10,72,0.217391304,345,14.42898551,14,5.064844101,42.19
15,72,0.542028986,345,14.42898551,14,5.064844101,51.055
9,72,0.150724638,345,14.42898551,14,5.064844101,39.667
13,72.2,0.395652174,345,14.42898551,14,5.064844101,47.354
14,72.3,0.468023256,344,14.43023256,14.5,5.07216884,49.198
16,72.5,0.626822157,343,14.42565598,14,5.078867531,53.234
11,72.7,0.272594752,343,14.42857143,14,5.077757943,43.95
17,72.7,0.692419825,343,14.42857143,14,5.077757943,55.027
12,72.8,0.326530612,343,14.39941691,14,5.103112192,45.505
22,72.8,0.915451895,343,14.39941691,14,5.103112192,63.751
19,72.8,0.809037901,343,14.39941691,14,5.103112192,58.744
22,72.9,0.915204678,342,14.4005848,14,5.110543378,63.735
14,72.9,0.472222222,342,14.4005848,14,5.110543378,49.303
5,73,0.033625731,342,14.4005848,14,5.110543378,31.7
15,73.2,0.545857988,338,14.34911243,14,5.099835551,51.152
7,73.2,0.069526627,338,14.34911243,14,5.099835551,35.207
16,73.3,0.630952381,336,14.3452381,14,5.112452571,53.344
5,73.5,0.034534535,333,14.33333333,14,5.124357145,31.82
7,73.5,0.070570571,333,14.33333333,14,5.124357145,35.284
24,73.7,0.971212121,330,14.29090909,14,5.106784547,68.989
12,73.7,0.337878788,330,14.29090909,14,5.106784547,45.817
15,73.9,0.539877301,326,14.39570552,14.5,5.057197152,51.001
18,74,0.755351682,327,14.3883792,14,5.051172445,56.914
24,74,0.970948012,327,14.3883792,14,5.051172445,68.949
13,74,0.397553517,327,14.3883792,14,5.051172445,47.403
19,74,0.816513761,327,14.3883792,14,5.051172445,59.022
12,74.1,0.327692308,325,14.39692308,14,5.055798811,45.537
22,74.1,0.916923077,325,14.39692308,14,5.055798811,63.847
7,74.1,0.066153846,325,14.39692308,14,5.055798811,34.949
18,74.2,0.755417957,323,14.38390093,14,5.034167817,56.916
13,74.4,0.4,320,14.35,14,5.033679671,47.467
10,74.4,0.221875,320,14.35,14,5.033679671,42.341
12,74.5,0.3296875,320,14.35,14,5.033679671,45.592
13,74.6,0.4,320,14.35,14,5.033679671,47.467
15,74.7,0.544444444,315,14.38095238,14,5.04447914,51.116
23,74.8,0.950320513,312,14.37820513,14,5.055757215,66.48
9,74.8,0.150641026,312,14.37820513,14,5.055757215,39.663
16,74.8,0.629807692,312,14.37820513,14,5.055757215,53.313
18,74.8,0.753205128,312,14.37820513,14,5.055757215,56.846
15,75,0.539215686,306,14.41830065,14.5,5.059792491,50.985
21,75,0.885620915,306,14.41830065,14.5,5.059792491,62.036
10,75.1,0.212171053,304,14.41447368,14.5,5.052782887,42.011
9,75.1,0.146381579,304,14.41447368,14.5,5.052782887,39.479
18,75.1,0.753289474,304,14.41447368,14.5,5.052782887,56.849
21,75.2,0.886513158,304,14.41447368,14.5,5.052782887,62.082
11,75.2,0.269736842,304,14.41447368,14.5,5.052782887,43.864
14,75.4,0.465116279,301,14.41528239,15,5.066586524,49.124
8,75.5,0.100993377,302,14.40397351,14.5,5.061979716,37.241
17,75.6,0.695652174,299,14.41471572,15,5.068846569,55.119
20,75.6,0.85451505,299,14.41471572,15,5.068846569,60.56
15,75.6,0.538461538,299,14.41471572,15,5.068846569,50.966
10,75.7,0.213333333,300,14.4,14.5,5.066778148,42.051
25,75.7,0.985,300,14.4,14.5,5.066778148,71.701
9,75.7,0.146666667,300,14.4,14.5,5.066778148,39.492
16,75.8,0.628333333,300,14.4,14.5,5.066778148,53.274
22,75.9,0.914675768,293,14.47098976,15,5.071071397,63.701
21,76,0.88225256,293,14.47098976,15,5.071071397,61.863
25,76.1,0.984482759,290,14.44482759,15,5.076445791,71.566
8,76.1,0.101724138,290,14.44482759,15,5.076445791,37.282
13,76.1,0.394827586,290,14.44482759,15,5.076445791,47.332
15,76.1,0.534482759,290,14.44482759,15,5.076445791,50.865
18,76.1,0.751724138,290,14.44482759,15,5.076445791,56.799
11,76.3,0.275862069,290,14.44482759,15,5.076445791,44.048
13,76.3,0.394827586,290,14.44482759,15,5.076445791,47.332
7,76.3,0.068965517,290,14.44482759,15,5.076445791,35.165
9,76.4,0.149305556,288,14.4375,15,5.093165127,39.606
10,76.5,0.217013889,288,14.4375,15,5.093165127,42.177
18,76.5,0.75,288,14.4375,15,5.093165127,56.745
18,76.6,0.74912892,287,14.43554007,15,5.101952695,56.718
20,76.6,0.851916376,287,14.43554007,15,5.101952695,60.447
15,76.7,0.534965035,286,14.43706294,15,5.110830307,50.878
17,76.7,0.685314685,286,14.43706294,15,5.110830307,54.826
14,76.8,0.465034965,286,14.43706294,15,5.110830307,49.122
20,76.9,0.850877193,285,14.44912281,15,5.115742164,60.402
10,76.9,0.219298246,285,14.44912281,15,5.115742164,42.254
25,77,0.984210526,285,14.44912281,15,5.115742164,71.497
5,77,0.029824561,285,14.44912281,15,5.115742164,31.166
18,77.1,0.752650177,283,14.40282686,15,5.101132449,56.829
12,77.1,0.333922261,283,14.40282686,15,5.101132449,45.709
21,77.2,0.885159011,283,14.40282686,15,5.101132449,62.012
11,77.3,0.281914894,282,14.39716312,14.5,5.10930967,44.228
16,77.4,0.620996441,281,14.44128114,15,5.064329436,53.081
16,77.6,0.620503597,278,14.44604317,15,5.085084953,53.068
4,77.7,0.010830325,277,14.46209386,15,5.087228961,27.037
12,78.1,0.333333333,267,14.3670412,14,5.068712062,45.693
10,78.1,0.22659176,267,14.3670412,14,5.068712062,42.499
12,78.4,0.33908046,261,14.35249042,14,5.115425722,45.85
10,78.5,0.231800766,261,14.35249042,14,5.115425722,42.671
14,78.5,0.471264368,261,14.35249042,14,5.115425722,49.279
13,78.5,0.406130268,261,14.35249042,14,5.115425722,47.625
7,78.6,0.073359073,259,14.36679537,14,5.123344671,35.488
16,78.6,0.627413127,259,14.36679537,14,5.123344671,53.25
13,78.6,0.405405405,259,14.36679537,14,5.123344671,47.606
20,78.9,0.850980392,255,14.30588235,14,5.084382904,60.406
10,79.2,0.233201581,253,14.24505929,14,5.082964984,42.717
8,79.4,0.112648221,253,14.24505929,14,5.082964984,37.874
23,79.4,0.950592885,253,14.24505929,14,5.082964984,66.506
15,79.7,0.555335968,253,14.24505929,14,5.082964984,51.392
15,80.1,0.555335968,253,14.24505929,14,5.082964984,51.392
11,80.2,0.290513834,253,14.24505929,14,5.082964984,44.481
10,80.4,0.233201581,253,14.24505929,14,5.082964984,42.717
5,80.5,0.029644269,253,14.24505929,14,5.082964984,31.14
7,80.5,0.075098814,253,14.24505929,14,5.082964984,35.612
13,80.8,0.415019763,253,14.24505929,14,5.082964984,47.853
14,80.8,0.482213439,253,14.24505929,14,5.082964984,49.554
18,81.2,0.756916996,253,14.24505929,14,5.082964984,56.964
12,81.5,0.343873518,253,14.24505929,14,5.082964984,45.981
17,81.5,0.705533597,253,14.24505929,14,5.082964984,55.404
22,82,0.918972332,253,14.24505929,14,5.082964984,63.982
8,82.3,0.112648221,253,14.24505929,14,5.082964984,37.874
14,82.4,0.482213439,253,14.24505929,14,5.082964984,49.554
24,82.5,0.972332016,253,14.24505929,14,5.082964984,69.162
19,82.5,0.814229249,253,14.24505929,14,5.082964984,58.936
16,82.6,0.64229249,253,14.24505929,14,5.082964984,53.646
16,82.6,0.64229249,253,14.24505929,14,5.082964984,53.646
20,82.9,0.851778656,253,14.24505929,14,5.082964984,60.441
14,82.9,0.482213439,253,14.24505929,14,5.082964984,49.554
13,83.2,0.415019763,253,14.24505929,14,5.082964984,47.853
10,83.5,0.233201581,253,14.24505929,14,5.082964984,42.717
22,83.5,0.918972332,253,14.24505929,14,5.082964984,63.982
9,83.8,0.164031621,253,14.24505929,14,5.082964984,40.22
7,84.3,0.075098814,253,14.24505929,14,5.082964984,35.612
9,84.3,0.164031621,253,14.24505929,14,5.082964984,40.22
6,84.8,0.051383399,253,14.24505929,14,5.082964984,33.684
10,85,0.233201581,253,14.24505929,14,5.082964984,42.717
19,85.2,0.814229249,253,14.24505929,14,5.082964984,58.936
9,85.8,0.164031621,253,14.24505929,14,5.082964984,40.22
15,85.9,0.555335968,253,14.24505929,14,5.082964984,51.392
10,86.3,0.233201581,253,14.24505929,14,5.082964984,42.717
12,86.5,0.343873518,253,14.24505929,14,5.082964984,45.981
10,86.6,0.233201581,253,14.24505929,14,5.082964984,42.717
25,86.8,0.990118577,253,14.24505929,14,5.082964984,73.308
18,87,0.756916996,253,14.24505929,14,5.082964984,56.964
6,87,0.051383399,253,14.24505929,14,5.082964984,33.684
13,87.7,0.415019763,253,14.24505929,14,5.082964984,47.853
5,87.8,0.029644269,253,14.24505929,14,5.082964984,31.14
14,88.1,0.482213439,253,14.24505929,14,5.082964984,49.554
16,88.9,0.64229249,253,14.24505929,14,5.082964984,53.646
12,89,0.343873518,253,14.24505929,14,5.082964984,45.981
12,89.9,0.343873518,253,14.24505929,14,5.082964984,45.981
11,90.4,0.290513834,253,14.24505929,14,5.082964984,44.481
11,90.5,0.290513834,253,14.24505929,14,5.082964984,44.481
10,90.7,0.233201581,253,14.24505929,14,5.082964984,42.717
12,94.2,0.343873518,253,14.24505929,14,5.082964984,45.981